date,price
5/11/2009,22.24
6/11/2009,23.32
9/11/2009,22.19
10/11/2009,21.1
11/11/2009,20.59
12/11/2009,19.56
13/11/2009,20.07
16/11/2009,20.95
17/11/2009,
18/11/2009,20.69
19/11/2009,20.59
20/11/2009,19.92
23/11/2009,19.82
24/11/2009,19.41
25/11/2009,18.48
26/11/2009,17.6
27/11/2009,17.6
30/11/2009,17.96
1/12/2009,18.22
2/12/2009,17.5
3/12/2009,16.78
4/12/2009,17.6
7/12/2009,18.38
8/12/2009,18.02
9/12/2009,17.96
10/12/2009,17.91
11/12/2009,17.04
14/12/2009,17.86
15/12/2009,18.69
16/12/2009,18.69
17/12/2009,18.38
18/12/2009,18.79
21/12/2009,18.53
22/12/2009,18.07
23/12/2009,17.66
24/12/2009,17.5
25/12/2009,18.12
28/12/2009,18.27
29/12/2009,17.96
30/12/2009,17.96
31/12/2009,17.6
4/1/2010,18.48
5/1/2010,19.35
6/1/2010,20.07
7/1/2010,19.56
8/1/2010,18.84
11/1/2010,18.17
12/1/2010,17.3
13/01/2010,17.5
14/01/2010,17.96
15/01/2010,18.02
18/01/2010,17.96
19/01/2010,18.02
20/01/2010,18.02
21/01/2010,18.02
22/01/2010,18.07
25/01/2010,18.02
26/01/2010,18.07
27/01/2010,18.02
28/01/2010,18.89
29/01/2010,18.94
1/2/2010,18.99
2/2/2010,18.94
3/2/2010,18.99
4/2/2010,18.99
5/2/2010,18.89
8/2/2010,18.89
9/2/2010,18.89
10/2/2010,18.48
11/2/2010,18.53
12/2/2010,19.2
22/02/2010,19.71
23/02/2010,19.97
24/02/2010,19.97
25/02/2010,19.97
26/02/2010,20.95
1/3/2010,21.98
2/3/2010,22.75
3/3/2010,22.55
4/3/2010,22.13
5/3/2010,21.21
8/3/2010,21.1
9/3/2010,20.9
10/3/2010,20.85
11/3/2010,21
12/3/2010,21.41
15/03/2010,21.21
16/03/2010,20.18
17/03/2010,19.56
18/03/2010,20.44
19/03/2010,20.59
22/03/2010,19.56
23/03/2010,19.61
24/03/2010,20.02
25/03/2010,19.3
26/03/2010,19.25
29/03/2010,19.46
30/03/2010,19.15
31/03/2010,18.89
1/4/2010,19.05
2/4/2010,19.71
5/4/2010,19.71
6/4/2010,19.77
7/4/2010,19.56
8/4/2010,19.46
9/4/2010,19.46
12/4/2010,20.38
13/04/2010,21.36
14/04/2010,20.59
15/04/2010,20.59
16/04/2010,20.59
19/04/2010,19.66
20/04/2010,19.82
21/04/2010,20.8
22/04/2010,20.07
26/04/2010,20.13
27/04/2010,20.28
28/04/2010,20.28
29/04/2010,21.26
4/5/2010,22.29
5/5/2010,23.37
6/5/2010,24.19
7/5/2010,23.73
10/5/2010,23.37
11/5/2010,22.39
12/5/2010,21.31
13/05/2010,20.59
14/05/2010,21.62
17/05/2010,22.7
18/05/2010,23.83
19/05/2010,25.02
20/05/2010,25.74
21/05/2010,25.63
24/05/2010,24.4
25/05/2010,24.45
26/05/2010,24.71
27/05/2010,24.76
28/05/2010,25.99
31/05/2010,27.02
1/6/2010,27.02
2/6/2010,28.05
3/6/2010,28.05
4/6/2010,27.28
7/6/2010,25.99
8/6/2010,25.99
9/6/2010,25.48
10/6/2010,25.48
11/6/2010,25.02
14/06/2010,26.25
15/06/2010,26.25
16/06/2010,26.25
17/06/2010,26.51
18/06/2010,27.02
21/06/2010,27.02
22/06/2010,27.02
23/06/2010,27.02
24/06/2010,26.25
25/06/2010,26.25
28/06/2010,25.74
29/06/2010,26.25
30/06/2010,26.25
1/7/2010,26.25
2/7/2010,26.25
5/7/2010,25.99
6/7/2010,26.25
7/7/2010,26.25
8/7/2010,26.77
9/7/2010,26.77
12/7/2010,26.77
13/07/2010,25.99
14/07/2010,26.25
15/07/2010,26.51
16/07/2010,26.51
19/07/2010,26.51
20/07/2010,26.51
21/07/2010,27.02
22/07/2010,27.02
23/07/2010,25.99
26/07/2010,25.74
27/07/2010,25.99
28/07/2010,25.74
29/07/2010,26.25
30/07/2010,26.77
2/8/2010,27.02
3/8/2010,27.02
4/8/2010,27.02
5/8/2010,26.77
6/8/2010,26.77
9/8/2010,26.51
10/8/2010,26.25
11/8/2010,25.99
12/8/2010,24.81
13/08/2010,25.63
16/08/2010,26.25
17/08/2010,26.51
18/08/2010,26.25
19/08/2010,25.99
20/08/2010,25.02
23/08/2010,25.02
24/08/2010,25.22
25/08/2010,24.19
26/08/2010,23.68
27/08/2010,23.16
30/08/2010,23.16
31/08/2010,23.16
1/9/2010,23.94
6/9/2010,24.71
7/9/2010,24.71
8/9/2010,25.22
9/9/2010,25.22
10/9/2010,25.22
13/09/2010,25.22
14/09/2010,25.43
15/09/2010,25.43
16/09/2010,25.43
17/09/2010,25.48
20/09/2010,25.02
21/09/2010,25.48
22/09/2010,25.48
23/09/2010,25.43
24/09/2010,25.43
27/09/2010,25.43
28/09/2010,25.69
29/09/2010,25.48
30/09/2010,25.48
1/10/2010,26.25
4/10/2010,25.99
5/10/2010,25.99
6/10/2010,26.51
7/10/2010,27.02
8/10/2010,27.8
11/10/2010,28.05
12/10/2010,27.8
13/10/2010,28.05
14/10/2010,27.54
15/10/2010,27.28
18/10/2010,28.57
19/10/2010,28.83
20/10/2010,28.83
21/10/2010,28.83
22/10/2010,28.31
25/10/2010,29.08
26/10/2010,29.08
27/10/2010,28.31
28/10/2010,28.83
29/10/2010,29.34
1/11/2010,29.34
2/11/2010,29.08
3/11/2010,29.08
4/11/2010,30.37
5/11/2010,31.14
8/11/2010,32.69
9/11/2010,32.43
10/11/2010,32.43
11/11/2010,31.4
12/11/2010,32.43
15/11/2010,32.69
16/11/2010,32.69
17/11/2010,32.69
18/11/2010,32.69
19/11/2010,31.4
22/11/2010,31.91
23/11/2010,31.4
24/11/2010,31.91
25/11/2010,33.46
26/11/2010,34.49
29/11/2010,34.23
30/11/2010,33.97
1/12/2010,33.97
2/12/2010,33.97
3/12/2010,32.69
6/12/2010,31.4
7/12/2010,31.4
8/12/2010,31.4
9/12/2010,31.66
10/12/2010,31.91
13/12/2010,32.94
14/12/2010,32.94
15/12/2010,33.46
16/12/2010,32.43
17/12/2010,32.94
20/12/2010,32.94
21/12/2010,33.97
22/12/2010,35.52
23/12/2010,34.49
24/12/2010,35
27/12/2010,33.97
28/12/2010,35.26
29/12/2010,36.55
30/12/2010,37.58
31/12/2010,38.61
4/1/2011,40.15
5/1/2011,39.63
6/1/2011,39.63
7/1/2011,39.63
10/1/2011,38.61
11/1/2011,39.12
12/1/2011,38.61
13/01/2011,38.09
14/01/2011,37.83
17/01/2011,39.63
18/01/2011,41.44
19/01/2011,43.5
20/01/2011,45.55
21/01/2011,47.61
24/01/2011,45.3
25/01/2011,43.5
26/01/2011,44.78
27/01/2011,43.75
28/01/2011,44.27
8/2/2011,44.27
9/2/2011,46.07
10/2/2011,45.3
11/2/2011,45.55
14/02/2011,44.52
15/02/2011,44.52
16/02/2011,44.78
17/02/2011,45.81
18/02/2011,45.81
21/02/2011,44.78
22/02/2011,42.72
23/02/2011,41.18
24/02/2011,39.12
25/02/2011,40.92
28/02/2011,42.72
1/3/2011,44.01
2/3/2011,42.21
3/3/2011,41.69
4/3/2011,43.75
7/3/2011,45.81
8/3/2011,47.36
9/3/2011,46.58
10/3/2011,47.36
11/3/2011,47.87
14/03/2011,45.55
15/03/2011,43.5
16/03/2011,43.5
17/03/2011,41.44
18/03/2011,40.15
21/03/2011,41.95
22/03/2011,44.01
23/03/2011,42.98
24/03/2011,41.18
25/03/2011,40.66
28/03/2011,40.66
29/03/2011,40.66
30/03/2011,40.92
31/03/2011,42.21
1/4/2011,42.21
4/4/2011,41.18
5/4/2011,41.18
6/4/2011,41.95
7/4/2011,41.69
8/4/2011,42.72
13/04/2011,42.72
14/04/2011,44.78
15/04/2011,46.84
18/04/2011,46.07
19/04/2011,45.81
20/04/2011,46.33
21/04/2011,48.64
22/04/2011,50.96
25/04/2011,53.02
26/04/2011,55.59
27/04/2011,58.17
28/04/2011,60.74
29/04/2011,63.31
4/5/2011,66.4
5/5/2011,63.31
6/5/2011,60.22
9/5/2011,60.74
10/5/2011,63.31
11/5/2011,65.37
12/5/2011,65.37
13/05/2011,62.28
16/05/2011,60.22
17/05/2011,57.65
18/05/2011,55.08
19/05/2011,52.5
20/05/2011,49.93
23/05/2011,47.61
24/05/2011,45.3
25/05/2011,43.24
26/05/2011,45.3
27/05/2011,47.36
30/05/2011,49.67
31/05/2011,51.99
1/6/2011,54.56
2/6/2011,57.14
3/6/2011,54.56
6/6/2011,51.99
7/6/2011,52.5
8/6/2011,50.19
9/6/2011,52.5
10/6/2011,51.47
13/06/2011,49.93
14/06/2011,48.9
15/06/2011,50.19
16/06/2011,51.22
17/06/2011,48.9
20/06/2011,49.67
21/06/2011,50.19
22/06/2011,50.19
23/06/2011,49.67
24/06/2011,49.67
27/06/2011,49.16
28/06/2011,49.67
29/06/2011,50.19
30/06/2011,49.93
1/7/2011,49.41
4/7/2011,49.41
5/7/2011,49.67
6/7/2011,49.67
7/7/2011,51.99
8/7/2011,54.56
11/7/2011,51.99
12/7/2011,49.41
13/07/2011,51.22
14/07/2011,51.22
15/07/2011,49.67
18/07/2011,49.41
19/07/2011,47.1
20/07/2011,48.13
21/07/2011,47.1
22/07/2011,46.84
25/07/2011,47.61
26/07/2011,47.61
27/07/2011,47.61
28/07/2011,47.87
29/07/2011,47.61
1/8/2011,48.39
2/8/2011,48.64
3/8/2011,48.13
4/8/2011,49.16
5/8/2011,51.47
8/8/2011,50.7
9/8/2011,49.41
10/8/2011,50.44
11/8/2011,50.44
12/8/2011,49.41
15/08/2011,48.9
16/08/2011,48.39
17/08/2011,48.13
18/08/2011,49.93
19/08/2011,51.99
22/08/2011,51.47
23/08/2011,49.67
24/08/2011,49.67
25/08/2011,50.44
26/08/2011,51.47
29/08/2011,53.02
30/08/2011,52.5
31/08/2011,55.08
1/9/2011,57.65
5/9/2011,60.22
6/9/2011,62.8
7/9/2011,62.8
8/9/2011,65.89
9/9/2011,68.97
12/9/2011,72.06
13/09/2011,75.67
14/09/2011,77.73
15/09/2011,81.33
16/09/2011,77.73
19/09/2011,79.27
20/09/2011,75.67
21/09/2011,72.06
22/09/2011,68.46
23/09/2011,65.37
26/09/2011,64.34
27/09/2011,65.89
28/09/2011,63.31
29/09/2011,61.25
30/09/2011,61.77
3/10/2011,60.74
4/10/2011,60.22
5/10/2011,59.19
6/10/2011,59.19
7/10/2011,56.62
10/10/2011,59.19
11/10/2011,58.68
12/10/2011,57.65
13/10/2011,58.17
14/10/2011,58.68
17/10/2011,59.19
18/10/2011,57.65
19/10/2011,57.65
20/10/2011,60.22
21/10/2011,62.8
24/10/2011,65.89
25/10/2011,63.83
26/10/2011,64.34
27/10/2011,64.34
28/10/2011,64.34
31/10/2011,65.37
1/11/2011,64.34
2/11/2011,63.31
3/11/2011,63.83
4/11/2011,64.34
7/11/2011,65.89
8/11/2011,65.37
9/11/2011,64.86
10/11/2011,64.86
11/11/2011,63.83
14/11/2011,64.34
15/11/2011,63.83
16/11/2011,62.8
17/11/2011,61.25
18/11/2011,58.68
21/11/2011,58.17
22/11/2011,57.65
23/11/2011,60.22
24/11/2011,59.71
25/11/2011,60.74
28/11/2011,60.22
29/11/2011,60.22
30/11/2011,61.25
1/12/2011,59.71
2/12/2011,60.22
5/12/2011,59.71
6/12/2011,59.19
7/12/2011,58.68
8/12/2011,58.17
9/12/2011,57.65
12/12/2011,56.11
13/12/2011,54.05
14/12/2011,51.47
15/12/2011,48.9
16/12/2011,46.58
19/12/2011,47.36
20/12/2011,47.87
21/12/2011,48.64
22/12/2011,46.33
23/12/2011,46.07
26/12/2011,45.81
27/12/2011,45.81
28/12/2011,46.07
29/12/2011,46.33
30/12/2011,46.58
3/1/2012,45.55
4/1/2012,45.55
5/1/2012,44.52
6/1/2012,42.47
9/1/2012,42.98
10/1/2012,43.75
11/1/2012,45.81
12/1/2012,47.1
13/01/2012,49.41
16/01/2012,51.47
17/01/2012,50.44
18/01/2012,51.22
19/01/2012,53.02
20/01/2012,51.99
30/01/2012,54.56
31/01/2012,55.08
1/2/2012,53.53
2/2/2012,56.11
3/2/2012,56.62
6/2/2012,54.05
7/2/2012,53.02
8/2/2012,54.56
9/2/2012,55.59
10/2/2012,54.56
13/02/2012,54.05
14/02/2012,54.05
15/02/2012,54.05
16/02/2012,54.05
17/02/2012,54.56
20/02/2012,56.62
21/02/2012,55.08
22/02/2012,55.08
23/02/2012,56.11
24/02/2012,55.59
27/02/2012,57.14
28/02/2012,56.11
29/02/2012,58.68
1/3/2012,61.25
2/3/2012,63.83
5/3/2012,63.83
6/3/2012,60.74
7/3/2012,59.19
8/3/2012,58.17
9/3/2012,60.22
12/3/2012,60.22
13/03/2012,59.19
14/03/2012,60.74
15/03/2012,60.74
16/03/2012,58.17
19/03/2012,59.71
20/03/2012,59.19
21/03/2012,59.19
22/03/2012,58.68
23/03/2012,59.19
26/03/2012,60.22
27/03/2012,58.17
28/03/2012,58.68
29/03/2012,58.17
30/03/2012,58.68
3/4/2012,59.71
4/4/2012,58.68
5/4/2012,58.68
6/4/2012,58.68
9/4/2012,59.19
10/4/2012,60.74
11/4/2012,60.22
12/4/2012,60.74
13/04/2012,59.71
16/04/2012,58.68
17/04/2012,58.68
18/04/2012,59.19
19/04/2012,60.22
20/04/2012,59.71
23/04/2012,59.19
24/04/2012,57.65
25/04/2012,57.65
26/04/2012,57.14
27/04/2012,56.62
2/5/2012,55.59
3/5/2012,53.02
4/5/2012,55.59
7/5/2012,57.65
8/5/2012,56.11
9/5/2012,54.05
10/5/2012,54.05
11/5/2012,53.53
14/05/2012,52.5
15/05/2012,50.7
16/05/2012,51.47
17/05/2012,51.47
18/05/2012,51.47
21/05/2012,53.02
22/05/2012,51.47
23/05/2012,51.47
24/05/2012,51.47
25/05/2012,51.47
28/05/2012,51.47
29/05/2012,51.47
30/05/2012,51.99
31/05/2012,51.99
1/6/2012,52.5
4/6/2012,51.47
5/6/2012,51.99
6/6/2012,51.47
7/6/2012,51.47
8/6/2012,51.22
11/6/2012,51.47
12/6/2012,51.47
13/06/2012,51.99
14/06/2012,52.5
15/06/2012,54.56
18/06/2012,53.02
19/06/2012,53.53
20/06/2012,53.53
21/06/2012,53.53
22/06/2012,51.47
25/06/2012,51.99
26/06/2012,51.99
27/06/2012,51.22
28/06/2012,50.7
29/06/2012,51.47
2/7/2012,53.53
3/7/2012,53.02
4/7/2012,51.47
5/7/2012,51.47
6/7/2012,51.47
9/7/2012,50.7
10/7/2012,50.44
11/7/2012,50.44
12/7/2012,49.67
13/07/2012,50.44
16/07/2012,50.19
17/07/2012,50.44
18/07/2012,50.7
19/07/2012,50.96
20/07/2012,49.67
23/07/2012,49.67
24/07/2012,49.41
25/07/2012,48.9
26/07/2012,48.9
27/07/2012,48.13
30/07/2012,49.16
31/07/2012,49.41
1/8/2012,50.19
2/8/2012,50.44
3/8/2012,50.44
6/8/2012,50.44
7/8/2012,49.93
8/8/2012,50.44
9/8/2012,51.47
10/8/2012,52.5
13/08/2012,53.02
14/08/2012,51.99
15/08/2012,51.47
16/08/2012,51.99
17/08/2012,51.99
20/08/2012,51.99
21/08/2012,49.41
22/08/2012,47.36
23/08/2012,46.33
24/08/2012,47.36
27/08/2012,47.36
28/08/2012,47.36
29/08/2012,47.36
30/08/2012,47.36
31/08/2012,49.41
4/9/2012,51.47
5/9/2012,51.47
6/9/2012,51.22
7/9/2012,53.02
10/9/2012,54.05
11/9/2012,52.5
12/9/2012,52.5
13/09/2012,51.99
14/09/2012,51.99
17/09/2012,51.99
18/09/2012,51.99
19/09/2012,51.47
20/09/2012,50.44
21/09/2012,50.44
24/09/2012,50.96
25/09/2012,50.44
26/09/2012,49.67
27/09/2012,49.41
28/09/2012,49.67
1/10/2012,49.67
2/10/2012,49.67
3/10/2012,49.93
4/10/2012,49.41
5/10/2012,49.93
8/10/2012,50.19
9/10/2012,49.93
10/10/2012,49.93
11/10/2012,49.41
12/10/2012,49.16
15/10/2012,49.41
16/10/2012,50.19
17/10/2012,50.19
18/10/2012,50.44
19/10/2012,49.41
22/10/2012,48.9
23/10/2012,48.9
24/10/2012,48.64
25/10/2012,47.87
26/10/2012,48.9
29/10/2012,48.9
30/10/2012,48.9
31/10/2012,48.64
1/11/2012,48.13
2/11/2012,45.81
5/11/2012,47.36
6/11/2012,47.87
7/11/2012,47.87
8/11/2012,49.93
9/11/2012,49.93
12/11/2012,49.93
13/11/2012,49.67
14/11/2012,48.64
15/11/2012,48.64
16/11/2012,48.64
19/11/2012,48.9
20/11/2012,48.9
21/11/2012,48.39
22/11/2012,47.61
23/11/2012,46.58
26/11/2012,45.3
27/11/2012,45.3
28/11/2012,44.27
29/11/2012,45.04
30/11/2012,45.3
3/12/2012,46.58
4/12/2012,47.61
5/12/2012,48.13
6/12/2012,48.64
7/12/2012,49.41
10/12/2012,49.41
11/12/2012,49.67
12/12/2012,49.41
13/12/2012,49.67
14/12/2012,49.93
17/12/2012,49.67
18/12/2012,49.67
19/12/2012,50.7
20/12/2012,53.02
21/12/2012,50.96
24/12/2012,51.99
25/12/2012,51.99
26/12/2012,52.5
27/12/2012,52.5
28/12/2012,52.5
2/1/2013,51.99
3/1/2013,51.99
4/1/2013,52.5
7/1/2013,54.05
8/1/2013,56.62
9/1/2013,59.19
10/1/2013,61.77
11/1/2013,61.77
14/01/2013,59.71
15/01/2013,59.71
16/01/2013,58.68
17/01/2013,57.65
18/01/2013,56.62
21/01/2013,55.59
22/01/2013,54.56
23/01/2013,54.05
24/01/2013,55.08
25/01/2013,58.68
28/01/2013,61.25
29/01/2013,62.28
30/01/2013,62.8
31/01/2013,61.25
1/2/2013,61.25
4/2/2013,59.71
5/2/2013,57.65
6/2/2013,57.65
7/2/2013,59.71
8/2/2013,59.71
18/02/2013,60.22
19/02/2013,58.68
20/02/2013,59.71
21/02/2013,57.14
22/02/2013,59.19
25/02/2013,60.22
26/02/2013,58.68
27/02/2013,57.14
28/02/2013,57.65
1/3/2013,58.68
4/3/2013,59.19
5/3/2013,58.68
6/3/2013,59.19
7/3/2013,57.65
8/3/2013,59.19
11/3/2013,59.71
12/3/2013,60.22
13/03/2013,60.22
14/03/2013,60.22
15/03/2013,63.31
18/03/2013,61.25
19/03/2013,60.74
20/03/2013,61.77
21/03/2013,65.89
22/03/2013,66.92
25/03/2013,66.4
26/03/2013,63.83
27/03/2013,64.34
28/03/2013,63.31
29/03/2013,63.83
1/4/2013,64.34
2/4/2013,65.89
3/4/2013,65.89
4/4/2013,64.34
5/4/2013,64.34
8/4/2013,63.31
9/4/2013,63.31
10/4/2013,63.31
11/4/2013,63.83
12/4/2013,62.28
15/04/2013,58.68
16/04/2013,56.62
17/04/2013,59.71
18/04/2013,56.62
22/04/2013,57.14
23/04/2013,57.14
24/04/2013,56.11
25/04/2013,56.11
26/04/2013,56.11
2/5/2013,56.62
3/5/2013,57.14
6/5/2013,58.17
7/5/2013,58.17
8/5/2013,56.62
9/5/2013,56.62
10/5/2013,57.14
13/05/2013,58.17
14/05/2013,57.14
15/05/2013,57.65
16/05/2013,57.14
17/05/2013,56.62
20/05/2013,56.62
21/05/2013,57.65
22/05/2013,57.14
23/05/2013,56.62
24/05/2013,56.11
27/05/2013,56.62
28/05/2013,56.62
29/05/2013,56.62
30/05/2013,57.14
31/05/2013,57.14
3/6/2013,57.14
4/6/2013,56.11
5/6/2013,56.11
6/6/2013,56.62
7/6/2013,56.62
10/6/2013,55.59
11/6/2013,55.59
12/6/2013,54.05
13/06/2013,51.22
14/06/2013,50.96
17/06/2013,50.96
18/06/2013,50.96
19/06/2013,50.96
20/06/2013,50.96
21/06/2013,50.96
24/06/2013,47.61
25/06/2013,45.81
26/06/2013,45.81
27/06/2013,45.81
28/06/2013,45.81
1/7/2013,47.1
2/7/2013,48.9
3/7/2013,48.39
4/7/2013,48.39
5/7/2013,48.39
8/7/2013,48.39
9/7/2013,47.87
10/7/2013,47.36
11/7/2013,45.55
12/7/2013,46.33
15/07/2013,45.3
16/07/2013,45.3
17/07/2013,45.55
18/07/2013,46.33
19/07/2013,47.87
22/07/2013,49.93
23/07/2013,48.64
24/07/2013,46.84
25/07/2013,46.33
26/07/2013,46.33
29/07/2013,45.55
30/07/2013,45.81
31/07/2013,45.55
1/8/2013,45.3
2/8/2013,45.55
5/8/2013,45.3
6/8/2013,45.04
7/8/2013,45.3
8/8/2013,45.55
9/8/2013,46.07
12/8/2013,45.55
13/08/2013,45.3
14/08/2013,45.3
15/08/2013,45.3
16/08/2013,45.04
19/08/2013,44.78
20/08/2013,44.27
21/08/2013,43.24
22/08/2013,42.98
23/08/2013,41.69
26/08/2013,42.47
27/08/2013,42.21
28/08/2013,41.69
29/08/2013,41.69
30/08/2013,42.21
3/9/2013,41.95
4/9/2013,41.69
5/9/2013,42.21
6/9/2013,42.47
9/9/2013,42.21
10/9/2013,41.95
11/9/2013,42.21
12/9/2013,42.21
13/09/2013,42.21
16/09/2013,42.21
17/09/2013,41.95
18/09/2013,41.95
19/09/2013,41.95
20/09/2013,42.47
23/09/2013,42.21
24/09/2013,41.95
25/09/2013,41.95
26/09/2013,41.95
27/09/2013,42.21
30/09/2013,44.01
1/10/2013,44.01
2/10/2013,44.27
3/10/2013,43.75
4/10/2013,43.24
7/10/2013,42.98
8/10/2013,43.5
9/10/2013,42.98
10/10/2013,42.72
11/10/2013,42.21
14/10/2013,42.21
15/10/2013,42.21
16/10/2013,42.21
17/10/2013,42.47
18/10/2013,41.69
21/10/2013,42.21
22/10/2013,41.95
23/10/2013,41.95
24/10/2013,41.95
25/10/2013,41.95
28/10/2013,41.44
29/10/2013,41.69
30/10/2013,41.95
31/10/2013,41.95
1/11/2013,41.95
4/11/2013,41.95
5/11/2013,41.18
6/11/2013,41.44
7/11/2013,41.44
8/11/2013,41.44
11/11/2013,41.44
12/11/2013,41.18
13/11/2013,41.18
14/11/2013,41.18
15/11/2013,41.18
18/11/2013,41.95
19/11/2013,41.95
20/11/2013,41.69
21/11/2013,41.18
22/11/2013,41.18
25/11/2013,42.21
26/11/2013,43.24
27/11/2013,42.98
28/11/2013,42.47
29/11/2013,42.47
2/12/2013,42.21
3/12/2013,42.72
4/12/2013,42.47
5/12/2013,42.21
6/12/2013,41.95
9/12/2013,44.78
10/12/2013,45.04
11/12/2013,44.01
12/12/2013,44.78
13/12/2013,44.27
16/12/2013,43.75
17/12/2013,44.01
18/12/2013,44.01
19/12/2013,43.75
20/12/2013,44.78
23/12/2013,44.01
24/12/2013,43.75
25/12/2013,43.75
26/12/2013,43.5
27/12/2013,43.24
30/12/2013,42.47
31/12/2013,42.47
2/1/2014,42.21
3/1/2014,41.95
6/1/2014,42.21
7/1/2014,42.47
8/1/2014,43.5
9/1/2014,43.75
10/1/2014,44.27
13/01/2014,44.27
14/01/2014,44.27
15/01/2014,44.52
16/01/2014,46.07
17/01/2014,49.16
20/01/2014,50.96
21/01/2014,49.67
22/01/2014,47.61
23/01/2014,48.39
24/01/2014,49.93
27/01/2014,48.9
6/2/2014,47.36
7/2/2014,46.58
10/2/2014,47.1
11/2/2014,47.36
12/2/2014,47.61
13/02/2014,48.39
14/02/2014,48.13
17/02/2014,47.87
18/02/2014,47.61
19/02/2014,48.39
20/02/2014,48.64
21/02/2014,48.9
24/02/2014,49.67
25/02/2014,51.47
26/02/2014,51.47
27/02/2014,50.44
28/02/2014,52.5
3/3/2014,49.93
4/3/2014,49.67
5/3/2014,50.19
6/3/2014,50.44
7/3/2014,49.93
10/3/2014,50.44
11/3/2014,50.96
12/3/2014,50.96
13/03/2014,51.22
14/03/2014,51.99
17/03/2014,55.59
18/03/2014,55.59
19/03/2014,55.59
20/03/2014,54.05
21/03/2014,53.02
24/03/2014,51.47
25/03/2014,51.22
26/03/2014,50.19
27/03/2014,49.93
28/03/2014,51.22
31/03/2014,49.93
1/4/2014,48.9
2/4/2014,47.87
3/4/2014,48.13
4/4/2014,48.13
7/4/2014,48.64
8/4/2014,49.41
10/4/2014,49.93
11/4/2014,50.44
14/04/2014,49.41
15/04/2014,49.67
16/04/2014,48.64
17/04/2014,49.16
18/04/2014,46.07
21/04/2014,46.33
22/04/2014,47.61
23/04/2014,48.9
24/04/2014,49.16
25/04/2014,49.67
28/04/2014,48.13
29/04/2014,49.41
5/5/2014,46.84
6/5/2014,47.1
7/5/2014,48.13
8/5/2014,44.78
9/5/2014,46.33
12/5/2014,46.84
13/05/2014,46.33
14/05/2014,46.58
15/05/2014,47.1
16/05/2014,47.1
19/05/2014,47.61
20/05/2014,47.36
21/05/2014,46.58
22/05/2014,46.07
23/05/2014,46.07
26/05/2014,46.84
27/05/2014,47.61
28/05/2014,48.9
29/05/2014,49.93
30/05/2014,50.7
2/6/2014,50.7
3/6/2014,51.22
4/6/2014,50.96
5/6/2014,49.93
6/6/2014,50.19
9/6/2014,49.93
10/6/2014,50.7
11/6/2014,50.44
12/6/2014,50.96
13/06/2014,50.7
16/06/2014,51.22
17/06/2014,49.93
18/06/2014,49.16
19/06/2014,48.64
20/06/2014,45.55
23/06/2014,47.36
24/06/2014,47.61
25/06/2014,47.36
26/06/2014,47.1
27/06/2014,47.1
30/06/2014,46.58
1/7/2014,47.1
2/7/2014,47.61
3/7/2014,47.36
4/7/2014,47.1
7/7/2014,47.61
8/7/2014,47.87
9/7/2014,48.13
10/7/2014,47.61
11/7/2014,47.1
14/07/2014,46.84
15/07/2014,46.84
16/07/2014,47.36
17/07/2014,47.36
18/07/2014,47.87
21/07/2014,47.36
22/07/2014,47.1
23/07/2014,47.1
24/07/2014,47.36
25/07/2014,46.58
28/07/2014,46.07
29/07/2014,46.84
30/07/2014,45.55
31/07/2014,45.81
1/8/2014,45.55
4/8/2014,45.3
5/8/2014,45.3
6/8/2014,45.55
7/8/2014,45.04
8/8/2014,45.55
11/8/2014,44.52
12/8/2014,44.27
13/08/2014,44.01
14/08/2014,44.27
15/08/2014,42.72
18/08/2014,42.72
19/08/2014,42.21
20/08/2014,42.72
21/08/2014,43.5
22/08/2014,44.01
25/08/2014,44.01
26/08/2014,43.5
27/08/2014,42.98
28/08/2014,42.98
29/08/2014,43.75
3/9/2014,43.75
4/9/2014,43.75
5/9/2014,43.24
8/9/2014,43.24
9/9/2014,42.98
10/9/2014,42.72
11/9/2014,42.72
12/9/2014,42.72
15/09/2014,42.98
16/09/2014,42.72
17/09/2014,42.47
18/09/2014,42.72
19/09/2014,43.24
22/09/2014,42.47
23/09/2014,42.47
24/09/2014,42.72
25/09/2014,42.98
26/09/2014,42.47
29/09/2014,41.95
30/09/2014,42.21
1/10/2014,42.72
2/10/2014,42.21
3/10/2014,42.21
6/10/2014,42.47
7/10/2014,42.21
8/10/2014,42.21
9/10/2014,42.21
10/10/2014,41.95
13/10/2014,41.69
14/10/2014,41.69
15/10/2014,41.69
16/10/2014,40.66
17/10/2014,40.41
20/10/2014,40.92
21/10/2014,41.18
22/10/2014,41.18
23/10/2014,41.18
24/10/2014,41.18
27/10/2014,40.41
28/10/2014,40.41
29/10/2014,40.66
30/10/2014,40.66
31/10/2014,41.95
3/11/2014,41.95
4/11/2014,41.18
5/11/2014,41.69
6/11/2014,42.21
7/11/2014,44.01
10/11/2014,44.01
11/11/2014,42.98
12/11/2014,42.72
13/11/2014,42.47
14/11/2014,42.98
17/11/2014,43.24
18/11/2014,41.69
19/11/2014,41.18
20/11/2014,41.44
21/11/2014,42.21
24/11/2014,40.92
25/11/2014,42.47
26/11/2014,42.47
27/11/2014,41.69
28/11/2014,41.44
1/12/2014,42.21
2/12/2014,41.44
3/12/2014,41.44
4/12/2014,41.69
5/12/2014,42.47
8/12/2014,43.5
9/12/2014,43.5
10/12/2014,43.24
11/12/2014,41.69
12/12/2014,41.95
15/12/2014,41.95
16/12/2014,41.69
17/12/2014,40.66
18/12/2014,40.66
19/12/2014,39.89
22/12/2014,41.18
23/12/2014,41.95
24/12/2014,42.98
25/12/2014,42.47
26/12/2014,41.69
29/12/2014,42.21
30/12/2014,41.69
31/12/2014,42.72
5/1/2015,42.98
6/1/2015,43.5
7/1/2015,43.5
8/1/2015,43.5
9/1/2015,43.5
12/1/2015,44.01
13/01/2015,44.01
14/01/2015,43.75
15/01/2015,43.5
16/01/2015,43.75
19/01/2015,43.75
20/01/2015,42.98
21/01/2015,42.72
22/01/2015,42.98
23/01/2015,42.98
26/01/2015,42.98
27/01/2015,42.72
28/01/2015,42.98
29/01/2015,42.47
30/01/2015,43.24
2/2/2015,42.47
3/2/2015,41.69
4/2/2015,41.95
5/2/2015,41.95
6/2/2015,41.95
9/2/2015,41.95
10/2/2015,41.95
11/2/2015,42.21
12/2/2015,42.98
13/02/2015,43.5
24/02/2015,44.27
25/02/2015,44.27
26/02/2015,44.78
27/02/2015,44.01
2/3/2015,44.52
3/3/2015,46.33
4/3/2015,46.07
5/3/2015,45.55
6/3/2015,45.3
9/3/2015,45.3
10/3/2015,45.04
11/3/2015,44.78
12/3/2015,45.04
13/03/2015,44.78
16/03/2015,43.75
17/03/2015,43.24
18/03/2015,43.24
19/03/2015,42.47
20/03/2015,40.66
23/03/2015,41.69
24/03/2015,41.44
25/03/2015,40.66
26/03/2015,39.63
27/03/2015,39.63
30/03/2015,39.63
31/03/2015,39.63
1/4/2015,38.61
2/4/2015,38.61
3/4/2015,38.61
6/4/2015,38.35
7/4/2015,38.35
8/4/2015,38.35
9/4/2015,38.61
10/4/2015,38.61
13/04/2015,40.66
14/04/2015,40.92
15/04/2015,41.44
16/04/2015,40.92
17/04/2015,41.18
20/04/2015,41.44
21/04/2015,41.44
22/04/2015,41.69
23/04/2015,41.69
24/04/2015,41.95
27/04/2015,41.69
4/5/2015,41.18
5/5/2015,41.18
6/5/2015,41.44
7/5/2015,42.21
8/5/2015,42.47
11/5/2015,42.47
12/5/2015,40.66
13/05/2015,41.18
14/05/2015,41.18
15/05/2015,40.15
18/05/2015,39.89
19/05/2015,39.63
20/05/2015,40.41
21/05/2015,41.18
22/05/2015,41.95
25/05/2015,42.47
26/05/2015,42.98
27/05/2015,43.24
28/05/2015,43.5
29/05/2015,43.24
1/6/2015,43.24
2/6/2015,42.98
3/6/2015,41.44
4/6/2015,40.92
5/6/2015,41.44
8/6/2015,40.92
9/6/2015,40.66
10/6/2015,41.18
11/6/2015,41.44
12/6/2015,40.92
15/06/2015,40.66
16/06/2015,40.41
17/06/2015,40.15
18/06/2015,39.89
19/06/2015,39.12
22/06/2015,41.18
23/06/2015,41.18
24/06/2015,40.66
25/06/2015,40.66
26/06/2015,40.66
29/06/2015,41.18
30/06/2015,41.69
1/7/2015,41.95
2/7/2015,42.98
3/7/2015,43.24
6/7/2015,44.78
7/7/2015,45.55
8/7/2015,44.52
9/7/2015,44.52
10/7/2015,44.78
13/07/2015,45.04
14/07/2015,47.36
15/07/2015,49.67
16/07/2015,47.87
17/07/2015,48.64
20/07/2015,48.39
21/07/2015,46.33
22/07/2015,47.87
23/07/2015,47.61
24/07/2015,48.13
27/07/2015,47.61
28/07/2015,47.36
29/07/2015,46.33
30/07/2015,47.36
31/07/2015,46.33
3/8/2015,45.81
4/8/2015,43.5
5/8/2015,44.01
6/8/2015,43.5
7/8/2015,44.52
10/8/2015,44.27
11/8/2015,44.78
12/8/2015,44.78
13/08/2015,44.01
14/08/2015,44.27
17/08/2015,45.55
18/08/2015,45.3
19/08/2015,43.75
20/08/2015,43.24
21/08/2015,42.72
24/08/2015,40.66
25/08/2015,40.66
26/08/2015,40.15
27/08/2015,40.66
28/08/2015,42.72
31/08/2015,41.44
1/9/2015,40.41
3/9/2015,39.89
4/9/2015,41.69
7/9/2015,40.15
8/9/2015,40.41
9/9/2015,40.41
10/9/2015,39.89
11/9/2015,39.12
14/09/2015,38.61
15/09/2015,37.83
16/09/2015,39.12
17/09/2015,39.12
18/09/2015,38.09
21/09/2015,38.61
22/09/2015,38.35
23/09/2015,38.09
24/09/2015,38.09
25/09/2015,38.09
28/09/2015,38.09
29/09/2015,37.83
30/09/2015,38.09
1/10/2015,38.35
2/10/2015,38.09
5/10/2015,38.09
6/10/2015,38.09
7/10/2015,38.09
8/10/2015,38.09
9/10/2015,38.09
12/10/2015,38.09
13/10/2015,38.09
14/10/2015,38.09
15/10/2015,38.09
16/10/2015,38.35
19/10/2015,38.35
20/10/2015,38.09
21/10/2015,38.09
22/10/2015,38.09
23/10/2015,38.09
26/10/2015,37.83
27/10/2015,38.09
28/10/2015,38.09
29/10/2015,37.83
30/10/2015,38.09
2/11/2015,37.83
3/11/2015,37.83
4/11/2015,38.35
5/11/2015,38.09
6/11/2015,38.35
9/11/2015,38.09
10/11/2015,37.83
11/11/2015,37.83
12/11/2015,37.83
13/11/2015,37.83
16/11/2015,37.83
17/11/2015,37.83
18/11/2015,37.58
19/11/2015,37.58
20/11/2015,37.32
23/11/2015,36.8
24/11/2015,36.29
25/11/2015,36.29
26/11/2015,36.03
27/11/2015,35.52
30/11/2015,36.03
1/12/2015,36.29
2/12/2015,36.55
3/12/2015,36.8
4/12/2015,37.06
7/12/2015,37.06
8/12/2015,37.06
9/12/2015,36.8
10/12/2015,36.8
11/12/2015,36.55
14/12/2015,35.77
15/12/2015,35.77
16/12/2015,35.52
17/12/2015,35
18/12/2015,36.55
21/12/2015,35
22/12/2015,35
23/12/2015,35.52
24/12/2015,36.29
25/12/2015,38.61
28/12/2015,41.18
29/12/2015,40.15
30/12/2015,39.63
31/12/2015,39.89
4/1/2016,38.86
5/1/2016,38.61
6/1/2016,39.12
7/1/2016,39.89
8/1/2016,39.38
11/1/2016,39.12
12/1/2016,39.38
13/01/2016,38.61
14/01/2016,38.09
15/01/2016,36.03
18/01/2016,36.03
19/01/2016,36.55
20/01/2016,36.8
21/01/2016,36.8
22/01/2016,36.55
25/01/2016,38.09
26/01/2016,37.83
27/01/2016,37.83
28/01/2016,37.58
29/01/2016,37.32
1/2/2016,36.8
2/2/2016,36.29
3/2/2016,37.06
4/2/2016,37.83
5/2/2016,37.83
15/02/2016,37.06
16/02/2016,37.06
17/02/2016,37.06
18/02/2016,37.06
19/02/2016,36.8
22/02/2016,38.35
23/02/2016,38.09
24/02/2016,37.83
25/02/2016,37.06
26/02/2016,38.09
29/02/2016,37.06
1/3/2016,37.06
2/3/2016,37.58
3/3/2016,38.35
4/3/2016,38.35
7/3/2016,38.35
8/3/2016,38.61
9/3/2016,38.86
10/3/2016,38.35
11/3/2016,37.83
14/03/2016,38.61
15/03/2016,37.83
16/03/2016,37.58
17/03/2016,37.32
18/03/2016,36.8
21/03/2016,36.03
22/03/2016,36.03
23/03/2016,37.06
24/03/2016,37.83
25/03/2016,38.09
28/03/2016,38.35
29/03/2016,37.32
30/03/2016,37.32
31/03/2016,36.8
1/4/2016,36.55
4/4/2016,36.03
5/4/2016,36.29
6/4/2016,36.55
7/4/2016,36.55
8/4/2016,35.77
11/4/2016,36.55
12/4/2016,36.03
13/04/2016,35.52
14/04/2016,35.77
15/04/2016,35.77
19/04/2016,35.52
20/04/2016,34.74
21/04/2016,36.03
22/04/2016,35.52
25/04/2016,35.26
26/04/2016,35.52
27/04/2016,35.77
28/04/2016,35.52
29/04/2016,36.03
4/5/2016,36.55
5/5/2016,36.55
6/5/2016,37.32
9/5/2016,36.8
10/5/2016,36.8
11/5/2016,37.06
12/5/2016,37.06
13/05/2016,36.29
16/05/2016,36.55
17/05/2016,36.55
18/05/2016,36.8
19/05/2016,36.03
20/05/2016,35.77
23/05/2016,35.77
24/05/2016,36.55
25/05/2016,36.03
26/05/2016,35.52
27/05/2016,35.52
30/05/2016,35.52
31/05/2016,35.77
1/6/2016,35.52
2/6/2016,35.52
3/6/2016,35.52
6/6/2016,35.26
7/6/2016,35.52
8/6/2016,36.03
9/6/2016,35.77
10/6/2016,36.03
13/06/2016,35.52
14/06/2016,35.52
15/06/2016,35.26
16/06/2016,35.26
17/06/2016,36.55
20/06/2016,35.77
21/06/2016,35.52
22/06/2016,35.52
23/06/2016,35.52
24/06/2016,34.74
27/06/2016,34.49
28/06/2016,34.49
29/06/2016,34.49
30/06/2016,34.23
1/7/2016,34.49
4/7/2016,34.49
5/7/2016,34.74
6/7/2016,34.49
7/7/2016,34.49
8/7/2016,34.49
11/7/2016,34.49
12/7/2016,34.49
13/07/2016,34.49
14/07/2016,34.74
15/07/2016,34.74
18/07/2016,35.52
19/07/2016,34.74
20/07/2016,34.49
21/07/2016,34.74
22/07/2016,34.49
25/07/2016,34.49
26/07/2016,34.23
27/07/2016,33.97
28/07/2016,33.97
29/07/2016,32.94
1/8/2016,32.94
2/8/2016,31.66
3/8/2016,31.66
4/8/2016,31.91
5/8/2016,31.66
8/8/2016,30.63
9/8/2016,31.14
10/8/2016,31.14
11/8/2016,31.4
12/8/2016,31.14
15/08/2016,30.88
16/08/2016,30.63
17/08/2016,30.63
18/08/2016,32.69
19/08/2016,34.74
22/08/2016,33.46
23/08/2016,32.43
24/08/2016,31.66
25/08/2016,31.66
26/08/2016,32.43
29/08/2016,34.49
30/08/2016,36.03
31/08/2016,35.52
1/9/2016,34.49
5/9/2016,34.49
6/9/2016,35
7/9/2016,35
8/9/2016,35.26
9/9/2016,35.52
12/9/2016,35.52
13/09/2016,35.26
14/09/2016,34.38
15/09/2016,33.46
16/09/2016,33.46
19/09/2016,35
20/09/2016,36.13
21/09/2016,36.29
22/09/2016,36.55
23/09/2016,36.55
26/09/2016,36.49
27/09/2016,36.34
28/09/2016,34.74
29/09/2016,35.11
30/09/2016,36.19
3/10/2016,36.03
4/10/2016,35.98
5/10/2016,35.98
6/10/2016,35.62
7/10/2016,35.26
10/10/2016,35.16
11/10/2016,35.16
12/10/2016,35
13/10/2016,35
14/10/2016,35.11
17/10/2016,34.33
18/10/2016,34.33
19/10/2016,34.23
20/10/2016,34.23
21/10/2016,34.13
24/10/2016,33.97
25/10/2016,33.97
26/10/2016,33.82
27/10/2016,33.72
28/10/2016,33.82
31/10/2016,33.82
1/11/2016,33.72
2/11/2016,33.72
3/11/2016,33.61
4/11/2016,33.51
7/11/2016,33.46
8/11/2016,33.46
9/11/2016,33.46
10/11/2016,33.46
11/11/2016,33.2
14/11/2016,31.91
15/11/2016,32.43
16/11/2016,32.48
17/11/2016,32.58
18/11/2016,32.63
21/11/2016,32.63
22/11/2016,32.89
23/11/2016,35.11
24/11/2016,35.52
25/11/2016,35
28/11/2016,32.94
29/11/2016,32.27
30/11/2016,32.99
1/12/2016,33.15
2/12/2016,32.33
5/12/2016,32.53
6/12/2016,32.58
7/12/2016,32.43
8/12/2016,32.58
9/12/2016,32.58
12/12/2016,32.43
13/12/2016,31.4
14/12/2016,31.97
15/12/2016,31.97
16/12/2016,33.46
19/12/2016,32.69
20/12/2016,31.86
21/12/2016,32.12
22/12/2016,33.61
23/12/2016,33.61
26/12/2016,33.61
27/12/2016,33.46
28/12/2016,32.79
29/12/2016,32.89
30/12/2016,33.36
3/1/2017,33.66
4/1/2017,34.26
5/1/2017,34.04
6/1/2017,34.1
9/1/2017,33.77
10/1/2017,34.37
11/1/2017,34.15
12/1/2017,33.83
13/01/2017,33.83
16/01/2017,33.83
17/01/2017,33.83
18/01/2017,33.72
19/01/2017,33.45
20/01/2017,33.18
23/01/2017,33.34
24/01/2017,33.34
25/01/2017,33.38
2/2/2017,34.15
3/2/2017,34.23
6/2/2017,34.47
7/2/2017,34.47
8/2/2017,34.47
9/2/2017,34.39
10/2/2017,33.99
13/02/2017,33.83
14/02/2017,33.58
15/02/2017,33.95
16/02/2017,33.95
17/02/2017,33.74
20/02/2017,33.99
21/02/2017,34.43
22/02/2017,34.15
23/02/2017,34.15
24/02/2017,33.74
27/02/2017,33.18
28/02/2017,33.18
1/3/2017,33.18
2/3/2017,33.1
3/3/2017,33.18
6/3/2017,33.18
7/3/2017,33.18
8/3/2017,33.74
9/3/2017,33.78
10/3/2017,33.78
13/03/2017,33.74
14/03/2017,34.96
15/03/2017,35.4
16/03/2017,35.2
17/03/2017,35.69
20/03/2017,37.14
21/03/2017,38.11
22/03/2017,38.44
23/03/2017,38.84
24/03/2017,38.68
27/03/2017,38.68
28/03/2017,37.22
29/03/2017,38.03
30/03/2017,37.63
31/03/2017,38.07
3/4/2017,38.76
4/4/2017,38.19
5/4/2017,37.14
7/4/2017,38.28
10/4/2017,37.63
11/4/2017,37.3
12/4/2017,37.06
13/04/2017,37.02
14/04/2017,36.82
17/04/2017,35.61
18/04/2017,37.22
19/04/2017,37.06
20/04/2017,36.33
21/04/2017,36.41
24/04/2017,36.74
25/04/2017,36.82
26/04/2017,36.78
27/04/2017,36.54
28/04/2017,35.97
3/5/2017,35.85
4/5/2017,35.61
5/5/2017,34.88
8/5/2017,34.51
9/5/2017,34.31
10/5/2017,34.72
11/5/2017,34.55
12/5/2017,34.47
15/05/2017,34.47
16/05/2017,35.48
17/05/2017,35.2
18/05/2017,35.2
19/05/2017,34.8
22/05/2017,35.69
23/05/2017,35.69
24/05/2017,35.2
25/05/2017,34.8
26/05/2017,34.63
29/05/2017,34.8
30/05/2017,34.63
31/05/2017,34.96
1/6/2017,35.52
2/6/2017,35.44
5/6/2017,35.85
6/6/2017,35.69
7/6/2017,35.24
8/6/2017,34.88
9/6/2017,34.96
12/6/2017,35.04
13/06/2017,34.84
14/06/2017,35.36
15/06/2017,35.08
16/06/2017,34.23
19/06/2017,35.28
20/06/2017,34.72
21/06/2017,33.99
22/06/2017,33.66
23/06/2017,33.3
26/06/2017,34.15
27/06/2017,33.66
28/06/2017,33.66
29/06/2017,34.31
30/06/2017,33.99
3/7/2017,33.58
4/7/2017,33.5
5/7/2017,33.42
6/7/2017,33.54
7/7/2017,33.78
10/7/2017,33.58
11/7/2017,33.7
12/7/2017,33.54
13/07/2017,33.42
14/07/2017,33.58
17/07/2017,32.89
18/07/2017,33.18
19/07/2017,33.18
20/07/2017,33.34
21/07/2017,33.34
24/07/2017,33.54
25/07/2017,33.66
26/07/2017,33.62
27/07/2017,33.58
28/07/2017,33.66
31/07/2017,34.63
1/8/2017,34.35
2/8/2017,34.39
3/8/2017,34.47
4/8/2017,34.59
7/8/2017,34.55
8/8/2017,34.55
9/8/2017,33.99
10/8/2017,34.39
11/8/2017,34.55
14/08/2017,35.61
15/08/2017,35.69
16/08/2017,36.09
17/08/2017,36.33
18/08/2017,36.09
21/08/2017,36.41
22/08/2017,36.41
23/08/2017,36.9
24/08/2017,37.22
25/08/2017,37.63
28/08/2017,38.03
29/08/2017,36.58
30/08/2017,37.87
31/08/2017,38.44
1/9/2017,39
5/9/2017,38.76
6/9/2017,38.84
7/9/2017,40.46
8/9/2017,43.05
11/9/2017,43.29
12/9/2017,44.59
13/09/2017,45.32
14/09/2017,45.56
15/09/2017,45.4
18/09/2017,45.56
19/09/2017,44.91
20/09/2017,43.54
21/09/2017,41.43
22/09/2017,42.08
25/09/2017,44.1
26/09/2017,45.23
27/09/2017,44.43
28/09/2017,45.07
29/09/2017,44.59
2/10/2017,44.75
3/10/2017,44.43
4/10/2017,44.51
5/10/2017,46.69
6/10/2017,46.21
9/10/2017,46.29
10/10/2017,46.29
11/10/2017,44.99
12/10/2017,46.37
13/10/2017,47.1
16/10/2017,46.37
17/10/2017,45.48
18/10/2017,45.88
19/10/2017,45.32
20/10/2017,45.72
23/10/2017,45.32
24/10/2017,45.32
25/10/2017,45.72
26/10/2017,46.29
27/10/2017,47.34
30/10/2017,48.55
31/10/2017,48.15
1/11/2017,48.55
2/11/2017,48.63
3/11/2017,48.71
6/11/2017,48.71
7/11/2017,48.47
8/11/2017,48.47
9/11/2017,48.07
10/11/2017,48.15
13/11/2017,47.74
14/11/2017,46.93
15/11/2017,45.72
16/11/2017,47.74
17/11/2017,46.93
20/11/2017,47.82
21/11/2017,50.49
22/11/2017,51.79
23/11/2017,51.79
24/11/2017,52.03
27/11/2017,55.03
28/11/2017,56.64
29/11/2017,56.64
30/11/2017,54.3
1/12/2017,55.43
4/12/2017,55.84
5/12/2017,55.75
6/12/2017,54.78
7/12/2017,55.84
8/12/2017,58.18
11/12/2017,58.26
12/12/2017,58.43
13/12/2017,57.94
14/12/2017,59.15
15/12/2017,58.02
18/12/2017,61.1
19/12/2017,61.5
20/12/2017,61.58
21/12/2017,59.23
22/12/2017,59.8
25/12/2017,60.04
26/12/2017,61.1
27/12/2017,60.69
28/12/2017,61.26
29/12/2017,62.07
2/1/2018,64.74
3/1/2018,66.76
4/1/2018,66.76
5/1/2018,68.54
8/1/2018,71.86
9/1/2018,72.83
10/1/2018,70.4
11/1/2018,72.83
12/1/2018,75.26
15/01/2018,75.09
16/01/2018,74.77
17/01/2018,72.99
18/01/2018,74.45
19/01/2018,70.81
22/01/2018,74.85
25/01/2018,78.66
26/01/2018,78.9
29/01/2018,76.47
30/01/2018,73.48
31/01/2018,74.53
1/2/2018,74.53
2/2/2018,73.64
5/2/2018,68.54
6/2/2018,69.59
7/2/2018,67.16
8/2/2018,68.78
9/2/2018,66.52
12/2/2018,68.78
13/02/2018,69.27
21/02/2018,72.42
22/02/2018,71.21
23/02/2018,72.67
26/02/2018,72.75
27/02/2018,73.96
28/02/2018,72.18
1/3/2018,73.64
2/3/2018,74.04
5/3/2018,73.64
6/3/2018,73.23
7/3/2018,73.96
8/3/2018,76.07
9/3/2018,76.15
12/3/2018,77.04
13/03/2018,76.88
14/03/2018,76.07
15/03/2018,75.26
16/03/2018,74.45
19/03/2018,76.31
20/03/2018,81.33
21/03/2018,82.86
22/03/2018,83.83
23/03/2018,82.54
26/03/2018,88.28
27/03/2018,88.2
28/03/2018,89.34
29/03/2018,88.61
30/03/2018,91.85
2/4/2018,92.74
3/4/2018,91.44
4/4/2018,89.01
5/4/2018,88.61
6/4/2018,86.42
9/4/2018,86.59
10/4/2018,84.97
11/4/2018,79.3
12/4/2018,82.54
13/04/2018,82.94
16/04/2018,84.4
17/04/2018,84.16
18/04/2018,80.92
19/04/2018,75.26
20/04/2018,77.85
23/04/2018,76.88
24/04/2018,77.52
26/04/2018,72.18
27/04/2018,74.29
2/5/2018,75.58
3/5/2018,74.45
4/5/2018,74.04
7/5/2018,78.09
8/5/2018,78.49
9/5/2018,76.88
10/5/2018,76.07
11/5/2018,75.98
14/05/2018,79.3
15/05/2018,77.85
16/05/2018,75.18
17/05/2018,70.4
18/05/2018,74.85
21/05/2018,72.02
22/05/2018,68.78
23/05/2018,68.78
24/05/2018,68.38
25/05/2018,67.57
28/05/2018,64.74
29/05/2018,64.74
30/05/2018,64.74
31/05/2018,65.55
1/6/2018,67.89
4/6/2018,68.14
5/6/2018,69.11
6/6/2018,69.19
7/6/2018,70.64
8/6/2018,69.59
11/6/2018,68.78
12/6/2018,66.68
13/06/2018,67.57
14/06/2018,68.38
15/06/2018,68.78
18/06/2018,67.97
19/06/2018,64.74
20/06/2018,65.55
21/06/2018,65.55
22/06/2018,65.55
25/06/2018,67.16
26/06/2018,66.76
27/06/2018,65.55
28/06/2018,63.93
29/06/2018,63.93
2/7/2018,61.5
3/7/2018,59.88
4/7/2018,59.96
5/7/2018,59.8
6/7/2018,59.88
9/7/2018,60.04
10/7/2018,60.04
11/7/2018,59.88
12/7/2018,59.88
13/07/2018,60.61
16/07/2018,60.04
17/07/2018,60.29
18/07/2018,61.5
19/07/2018,64.01
20/07/2018,64.01
23/07/2018,64.01
24/07/2018,65.14
25/07/2018,65.55
26/07/2018,65.55
27/07/2018,65.79
30/07/2018,65.87
31/07/2018,68.14
1/8/2018,68.14
2/8/2018,68.14
3/8/2018,68.78
6/8/2018,70.73
7/8/2018,72.83
8/8/2018,72.83
9/8/2018,72.75
10/8/2018,72.02
13/08/2018,73.56
14/08/2018,75.66
15/08/2018,74.04
16/08/2018,72.83
17/08/2018,72.51
20/08/2018,72.75
21/08/2018,73.07
22/08/2018,74.45
23/08/2018,73.8
24/08/2018,73.31
27/08/2018,73.8
28/08/2018,73.96
29/08/2018,73.64
30/08/2018,78.49
31/08/2018,76.88
4/9/2018,76.07
5/9/2018,75.26
6/9/2018,76.71
7/9/2018,76.88
10/9/2018,74.04
11/9/2018,74.85
12/9/2018,74.93
13/09/2018,74.77
14/09/2018,74.12
17/09/2018,74.12
18/09/2018,72.91
19/09/2018,73.8
20/09/2018,74.85
21/09/2018,73.64
24/09/2018,76.47
25/09/2018,76.39
26/09/2018,75.66
27/09/2018,74.85
28/09/2018,75.09
1/10/2018,75.98
2/10/2018,76.07
3/10/2018,75.42
4/10/2018,75.98
5/10/2018,73.64
8/10/2018,72.67
9/10/2018,71.21
10/10/2018,68.38
11/10/2018,63.6
12/10/2018,65.79
15/10/2018,63.52
16/10/2018,63.6
17/10/2018,65.55
18/10/2018,64.9
19/10/2018,65.55
22/10/2018,64.09
23/10/2018,62.71
24/10/2018,60.69
25/10/2018,62.71
26/10/2018,61.9
29/10/2018,61.9
30/10/2018,63.12
31/10/2018,67.16
1/11/2018,66.36
2/11/2018,68.38
5/11/2018,68.94
6/11/2018,67.97
7/11/2018,68.54
8/11/2018,68.38
9/11/2018,68.22
12/11/2018,67.65
13/11/2018,63.93
14/11/2018,63.93
15/11/2018,64.25
16/11/2018,64.41
19/11/2018,66.19
20/11/2018,66.19
21/11/2018,65.71
22/11/2018,66.36
23/11/2018,66.03
26/11/2018,66.44
27/11/2018,66.36
28/11/2018,65.79
29/11/2018,65.55
30/11/2018,64.74
3/12/2018,66.52
4/12/2018,68.05
5/12/2018,68.05
6/12/2018,67.81
7/12/2018,68.46
10/12/2018,69.27
11/12/2018,69.51
12/12/2018,70.4
13/12/2018,70.48
14/12/2018,69.19
17/12/2018,66.36
18/12/2018,65.71
19/12/2018,65.95
20/12/2018,65.55
21/12/2018,63.6
24/12/2018,63.93
25/12/2018,64.74
26/12/2018,63.93
27/12/2018,63.93
28/12/2018,62.71
2/1/2019,63.6
3/1/2019,63.12
4/1/2019,61.66
7/1/2019,63.28
8/1/2019,63.93
9/1/2019,63.93
10/1/2019,64.9
11/1/2019,65.3
14/01/2019,65.14
15/01/2019,66.27
16/01/2019,65.87
17/01/2019,64.9
18/01/2019,65.55
21/01/2019,65.38
22/01/2019,64.82
23/01/2019,63.12
24/01/2019,63.12
25/01/2019,63.36
28/01/2019,64.01
29/01/2019,64.33
30/01/2019,64.01
31/01/2019,62.88
1/2/2019,63.44
11/2/2019,64.9
12/2/2019,66.6
13/02/2019,69.51
14/02/2019,69.59
15/02/2019,68.54
18/02/2019,69.11
19/02/2019,70
20/02/2019,69.59
21/02/2019,72.59
22/02/2019,71.53
25/02/2019,73.8
26/02/2019,72.83
27/02/2019,72.75
28/02/2019,71.94
1/3/2019,72.02
4/3/2019,72.42
5/3/2019,72.34
6/3/2019,72.83
7/3/2019,72.83
8/3/2019,72.67
11/3/2019,72.51
12/3/2019,71.62
13/03/2019,72.02
14/03/2019,71.7
15/03/2019,70
18/03/2019,70.24
19/03/2019,70.4
20/03/2019,68.78
21/03/2019,68.78
22/03/2019,68.38
25/03/2019,66.52
26/03/2019,67.25
27/03/2019,68.78
28/03/2019,68.78
29/03/2019,68.22
1/4/2019,71.21
2/4/2019,71.29
3/4/2019,70.97
4/4/2019,71.05
5/4/2019,71.45
8/4/2019,71.45
9/4/2019,70.81
10/4/2019,70.16
11/4/2019,70.97
12/4/2019,71.05
16/04/2019,71.05
17/04/2019,71.21
18/04/2019,69.59
19/04/2019,70.89
22/04/2019,71.13
23/04/2019,71.13
24/04/2019,71.21
25/04/2019,70.73
26/04/2019,70.32
2/5/2019,71.62
3/5/2019,71.7
6/5/2019,70.4
7/5/2019,71.13
8/5/2019,71.05
9/5/2019,70.97
10/5/2019,70.81
13/05/2019,70.16
14/05/2019,70
15/05/2019,71.05
16/05/2019,70.4
17/05/2019,70
20/05/2019,71.21
21/05/2019,73.88
22/05/2019,72.83
23/05/2019,72.83
24/05/2019,70.56
27/05/2019,71.53
28/05/2019,70.4
29/05/2019,70.64
30/05/2019,69.19
31/05/2019,69.43
3/6/2019,68.78
4/6/2019,68.78
5/6/2019,68.78
6/6/2019,68.94
7/6/2019,69.59
10/6/2019,70.16
11/6/2019,69.59
12/6/2019,68.78
13/06/2019,68.38
14/06/2019,68.14
17/06/2019,67.57
18/06/2019,66.36
19/06/2019,67
20/06/2019,66.76
21/06/2019,67.97
24/06/2019,68.05
25/06/2019,67.97
26/06/2019,69.19
27/06/2019,66.36
28/06/2019,67.16
1/7/2019,69.27
2/7/2019,68.46
3/7/2019,68.38
4/7/2019,68.94
5/7/2019,68.78
8/7/2019,68.38
9/7/2019,68.14
10/7/2019,68.14
11/7/2019,66.76
12/7/2019,65.95
15/07/2019,64.66
16/07/2019,65.06
17/07/2019,64.58
18/07/2019,61.34
19/07/2019,62.88
22/07/2019,64.09
23/07/2019,64.41
24/07/2019,65.3
25/07/2019,65.38
26/07/2019,65.47
29/07/2019,65.55
30/07/2019,64.66
31/07/2019,64.74
1/8/2019,64.82
2/8/2019,63.93
5/8/2019,62.15
6/8/2019,60.69
7/8/2019,60.53
8/8/2019,60.53
9/8/2019,61.58
12/8/2019,61.5
13/08/2019,61.18
14/08/2019,61.18
15/08/2019,61.58
16/08/2019,62.31
19/08/2019,62.39
20/08/2019,61.66
21/08/2019,62.31
22/08/2019,63.12
23/08/2019,62.31
26/08/2019,61.5
27/08/2019,60.69
28/08/2019,60.53
29/08/2019,60.69
30/08/2019,61.01
3/9/2019,59.88
4/9/2019,60.69
5/9/2019,60.29
6/9/2019,59.88
9/9/2019,59.88
10/9/2019,61.58
11/9/2019,63.12
12/9/2019,62.15
13/09/2019,61.9
16/09/2019,62.96
17/09/2019,64.33
18/09/2019,65.47
19/09/2019,64.9
20/09/2019,64.9
23/09/2019,64.74
24/09/2019,63.93
25/09/2019,63.93
26/09/2019,63.52
27/09/2019,64.25
30/09/2019,63.52
1/10/2019,63.77
2/10/2019,62.31
3/10/2019,63.12
4/10/2019,62.63
7/10/2019,61.9
8/10/2019,62.23
9/10/2019,62.31
10/10/2019,62.31
11/10/2019,62.31
14/10/2019,61.99
15/10/2019,63.28
16/10/2019,62.96
17/10/2019,62.31
18/10/2019,61.5
21/10/2019,60.69
22/10/2019,60.21
23/10/2019,61.34
24/10/2019,61.18
25/10/2019,60.37
28/10/2019,60.29
29/10/2019,59.88
30/10/2019,59.88
31/10/2019,60.04
1/11/2019,61.26
4/11/2019,61.74
5/11/2019,61.5
6/11/2019,61.5
7/11/2019,61.9
8/11/2019,62.15
11/11/2019,60.29
12/11/2019,60.69
13/11/2019,60.12
14/11/2019,60.85
15/11/2019,60.29
18/11/2019,60.21
19/11/2019,59.88
20/11/2019,59.56
21/11/2019,57.86
22/11/2019,57.05
25/11/2019,57.86
26/11/2019,57.86
27/11/2019,57.45
28/11/2019,56.24
29/11/2019,56.64
2/12/2019,55.84
3/12/2019,51.95
4/12/2019,50.58
5/12/2019,50.17
6/12/2019,50.58
9/12/2019,48.96
10/12/2019,45.8
11/12/2019,45.07
12/12/2019,47.34
13/12/2019,46.93
16/12/2019,45.88
17/12/2019,45.4
18/12/2019,45.64
19/12/2019,44.99
20/12/2019,44.51
23/12/2019,41.76
24/12/2019,44.1
25/12/2019,45.07
26/12/2019,46.13
27/12/2019,46.04
30/12/2019,46.21
31/12/2019,45.72
2/1/2020,46.13
3/1/2020,46.53
6/1/2020,45.8
7/1/2020,45.96
8/1/2020,45.32
9/1/2020,46.13
10/1/2020,45.72
13/01/2020,46.13
14/01/2020,45.8
15/01/2020,45.72
16/01/2020,45.48
17/01/2020,44.51
20/01/2020,43.94
21/01/2020,44.1
22/01/2020,43.21
30/01/2020,40.54
31/01/2020,40.54
3/2/2020,40.46
4/2/2020,40.46
5/2/2020,40.46
6/2/2020,40.38
7/2/2020,40.38
10/2/2020,40.38
11/2/2020,40.38
12/2/2020,40.87
13/02/2020,40.62
14/02/2020,40.3
17/02/2020,40.22
18/02/2020,40.22
19/02/2020,40.78
20/02/2020,41.35
21/02/2020,42.89
24/02/2020,41.35
25/02/2020,40.95
26/02/2020,40.26
27/02/2020,40.22
28/02/2020,39.65
2/3/2020,39.65
3/3/2020,39.65
4/3/2020,39.65
5/3/2020,41.19
6/3/2020,44.02
9/3/2020,42.08
10/3/2020,42.4
11/3/2020,40.42
12/3/2020,40.42
13/03/2020,40.34
16/03/2020,40.06
17/03/2020,40.06
18/03/2020,39.98
19/03/2020,39.81
20/03/2020,39.81
23/03/2020,39.81
24/03/2020,39.73
25/03/2020,39.73
26/03/2020,39.65
27/03/2020,39.89
30/03/2020,39.73
31/03/2020,39.65
1/4/2020,39.81
3/4/2020,42.32
6/4/2020,45.23
7/4/2020,46.53
8/4/2020,47.66
9/4/2020,48.07
10/4/2020,48.71
13/04/2020,47.02
14/04/2020,49.36
15/04/2020,49.28
16/04/2020,49.2
17/04/2020,49.04
20/04/2020,48.07
21/04/2020,45.8
22/04/2020,47.1
23/04/2020,47.1
24/04/2020,48.15
27/04/2020,47.34
28/04/2020,48.31
29/04/2020,47.58
4/5/2020,46.37
5/5/2020,45.64
6/5/2020,46.93
7/5/2020,47.58
8/5/2020,49.36
11/5/2020,51.06
12/5/2020,50.17
13/05/2020,50.09
14/05/2020,51.71
15/05/2020,50.25
18/05/2020,50.58
19/05/2020,50.98
20/05/2020,51.63
21/05/2020,51.63
22/05/2020,50.17
25/05/2020,50.01
26/05/2020,50.58
27/05/2020,50.58
28/05/2020,50.82
29/05/2020,50.74
1/6/2020,51.06
2/6/2020,51.71
3/6/2020,51.79
4/6/2020,51.38
5/6/2020,50.98
8/6/2020,51.3
9/6/2020,50.98
10/6/2020,50.9
11/6/2020,47.34
12/6/2020,47.34
15/06/2020,45.64
16/06/2020,46.61
17/06/2020,46.53
18/06/2020,46.13
19/06/2020,46.13
22/06/2020,47.18
23/06/2020,47.26
24/06/2020,46.29
25/06/2020,45.88
26/06/2020,45.64
29/06/2020,44.59
30/06/2020,43.78
1/7/2020,44.91
2/7/2020,46.29
3/7/2020,46.29
6/7/2020,46.61
7/7/2020,46.13
8/7/2020,46.13
9/7/2020,46.45
10/7/2020,46.04
13/07/2020,45.8
14/07/2020,45.32
15/07/2020,45.07
16/07/2020,46.13
17/07/2020,45.48
20/07/2020,44.51
21/07/2020,44.26
22/07/2020,43.86
23/07/2020,43.62
24/07/2020,42.08
27/07/2020,40.06
28/07/2020,40.87
29/07/2020,39.93
30/07/2020,40.3
31/07/2020,40.87
3/8/2020,42.56
4/8/2020,43.7
5/8/2020,44.51
6/8/2020,43.62
7/8/2020,43.78
10/8/2020,44.1
11/8/2020,44.18
12/8/2020,43.86
13/08/2020,44.02
14/08/2020,43.21
17/08/2020,42.89
18/08/2020,42.4
19/08/2020,42.65
20/08/2020,42.08
21/08/2020,42.56
24/08/2020,43.37
25/08/2020,43.37
26/08/2020,43.29
27/08/2020,43.37
28/08/2020,44.1
31/08/2020,44.51
1/9/2020,44.18
3/9/2020,44.83
4/9/2020,45.56
7/9/2020,44.18
8/9/2020,44.34
9/9/2020,44.51
10/9/2020,44.34
11/9/2020,44.51
14/09/2020,44.99
15/09/2020,44.83
16/09/2020,44.43
17/09/2020,43.7
18/09/2020,43.86
21/09/2020,44.1
22/09/2020,43.94
23/09/2020,44.83
24/09/2020,44.51
25/09/2020,44.26
28/09/2020,44.26
29/09/2020,43.37
30/09/2020,44.18
1/10/2020,44.43
2/10/2020,43.78
5/10/2020,45.32
6/10/2020,46.93
7/10/2020,50.09
8/10/2020,51.71
9/10/2020,55.11
12/10/2020,56.81
13/10/2020,60.53
14/10/2020,64.74
15/10/2020,65.63
16/10/2020,64.74
19/10/2020,66.36
20/10/2020,67.73
21/10/2020,67.73
22/10/2020,68.78
23/10/2020,69.59
26/10/2020,71.13
27/10/2020,71.13
28/10/2020,69.59
29/10/2020,67.97
30/10/2020,67.97
2/11/2020,68.38
3/11/2020,67.97
4/11/2020,68.14
5/11/2020,71.13
6/11/2020,72.75
9/11/2020,77.36
10/11/2020,77.2
11/11/2020,77.2
12/11/2020,75.34
13/11/2020,72.91
16/11/2020,67.89
17/11/2020,68.78
18/11/2020,67.08
19/11/2020,66.36
20/11/2020,66.36
23/11/2020,67.25
24/11/2020,66.36
25/11/2020,66.6
26/11/2020,67.73
27/11/2020,67.73
30/11/2020,66.36
1/12/2020,67.16
2/12/2020,67.33
3/12/2020,67.49
4/12/2020,69.59
7/12/2020,69.59
8/12/2020,69.19
9/12/2020,69.11
10/12/2020,67.89
11/12/2020,68.38
14/12/2020,68.38
15/12/2020,68.38
16/12/2020,68.38
17/12/2020,68.79
18/12/2020,68.87
21/12/2020,68.62
22/12/2020,67.8
23/12/2020,67.8
24/12/2020,67.72
25/12/2020,67.56
28/12/2020,67.48
29/12/2020,68.13
30/12/2020,68.38
31/12/2020,72.8
4/1/2021,72.8
5/1/2021,73.13
6/1/2021,72.31
7/1/2021,75.34
8/1/2021,76.24
11/1/2021,77.06
12/1/2021,76.97
13/01/2021,76.4
14/01/2021,75.58
15/01/2021,76.16
18/01/2021,77.87
19/01/2021,74.44
20/01/2021,74.44
21/01/2021,74.93
22/01/2021,76.4
25/01/2021,79.43
26/01/2021,78.2
27/01/2021,75.09
28/01/2021,69.85
29/01/2021,70.01
1/2/2021,67.15
2/2/2021,68.79
3/2/2021,72.8
4/2/2021,73.29
5/2/2021,73.37
8/2/2021,70.1
9/2/2021,72.63
17/02/2021,75.34
18/02/2021,77.87
19/02/2021,77.71
22/02/2021,77.47
23/02/2021,75.91
24/02/2021,74.52
25/02/2021,73.37
26/02/2021,73.94
1/3/2021,74.76
2/3/2021,74.44
3/3/2021,74.11
4/3/2021,72.39
5/3/2021,73.04
8/3/2021,71.57
9/3/2021,71
10/3/2021,71.24
11/3/2021,71.49
12/3/2021,71.49
15/03/2021,72.47
16/03/2021,72.06
17/03/2021,72.06
18/03/2021,73.45
19/03/2021,72.63
22/03/2021,72.14
23/03/2021,70.83
24/03/2021,69.69
25/03/2021,70.42
26/03/2021,70.34
29/03/2021,70.51
30/03/2021,72.47
31/03/2021,75.75
1/4/2021,75.58
2/4/2021,75.91
5/4/2021,76.16
6/4/2021,75.25
7/4/2021,76.81
8/4/2021,76.16
9/4/2021,75.42
12/4/2021,75.25
13/04/2021,77.14
14/04/2021,82.46
15/04/2021,81.89
16/04/2021,81.97
19/04/2021,87.7
20/04/2021,86.39
22/04/2021,80.41
23/04/2021,81.89
26/04/2021,77.79
27/04/2021,80.25
28/04/2021,81.07
29/04/2021,80.25
4/5/2021,78.53
5/5/2021,78.61
6/5/2021,78.28
7/5/2021,77.79
10/5/2021,83.2
11/5/2021,83.12
12/5/2021,85.16
13/05/2021,84.34
14/05/2021,88.52
17/05/2021,85.33
18/05/2021,86.06
19/05/2021,88.44
20/05/2021,93.02
21/05/2021,91.63
24/05/2021,91.71
25/05/2021,93.02
26/05/2021,93.02
27/05/2021,90.08
28/05/2021,92.12
31/05/2021,90.16
1/6/2021,87.62
2/6/2021,86.55
3/6/2021,85.98
4/6/2021,87.87
7/6/2021,85.57
8/6/2021,85.16
9/6/2021,85.57
10/6/2021,84.43
11/6/2021,86.8
14/06/2021,87.54
15/06/2021,87.21
16/06/2021,85.33
17/06/2021,84.34
18/06/2021,87.21
21/06/2021,89.01
22/06/2021,88.85
23/06/2021,87.46
24/06/2021,87.21
25/06/2021,87.13
28/06/2021,89.18
29/06/2021,88.85
30/06/2021,91.22
1/7/2021,93.74
2/7/2021,94.07
5/7/2021,92.17
6/7/2021,90.02
7/7/2021,95.8
8/7/2021,98.94
9/7/2021,96.55
12/7/2021,99.02
13/07/2021,94.98
14/07/2021,95.97
15/07/2021,94.98
16/07/2021,99.52
19/07/2021,98.61
20/07/2021,101.58
21/07/2021,100.76
22/07/2021,101.5
23/07/2021,98.28
26/07/2021,100.02
27/07/2021,103.65
28/07/2021,102.82
29/07/2021,105.47
30/07/2021,110.67
2/8/2021,112.49
3/8/2021,113.81
4/8/2021,112.32
5/8/2021,111.5
6/8/2021,111.08
9/8/2021,116.45
10/8/2021,114.39
11/8/2021,112.82
12/8/2021,110.67
13/08/2021,110.26
16/08/2021,110.26
17/08/2021,109.43
18/08/2021,111.08
19/08/2021,112.57
20/08/2021,110.5
23/08/2021,104.89
24/08/2021,106.13
25/08/2021,111.5
26/08/2021,110.67
27/08/2021,112.24
30/08/2021,109.51
31/08/2021,111.5
1/9/2021,110.09
6/9/2021,108.27
7/9/2021,107.2
8/9/2021,105.71
9/9/2021,108.19
10/9/2021,107.37
13/09/2021,107.86
14/09/2021,111.91
15/09/2021,119.67
16/09/2021,123.72
17/09/2021,120.58
20/09/2021,118.1
21/09/2021,118.52
22/09/2021,121.41
23/09/2021,119.75
24/09/2021,117.61
27/09/2021,111.5
28/09/2021,112.32
29/09/2021,116.45
30/09/2021,117.77
1/10/2021,115.63
4/10/2021,116.62
5/10/2021,116.62
6/10/2021,117.44
7/10/2021,117.03
8/10/2021,120.17
11/10/2021,121.41
12/10/2021,120.17
13/10/2021,118.19
14/10/2021,117.36
15/10/2021,116.45
18/10/2021,118.1
19/10/2021,116.45
20/10/2021,118.19
21/10/2021,115.79
22/10/2021,115.71
25/10/2021,115.96
26/10/2021,115.29
27/10/2021,121.24
28/10/2021,125.29
29/10/2021,124.63
1/11/2021,120.17
2/11/2021,120.17
3/11/2021,120.17
4/11/2021,122.15
5/11/2021,122.07
8/11/2021,125.54
9/11/2021,122.07
10/11/2021,121.98
11/11/2021,121.32
12/11/2021,123.55
15/11/2021,127.19
16/11/2021,125.54
17/11/2021,124.3
18/11/2021,122.23
19/11/2021,121.74
22/11/2021,123.8
23/11/2021,129.25
24/11/2021,129.67
25/11/2021,130.08
26/11/2021,130.08
29/11/2021,125.95
30/11/2021,123.22
1/12/2021,123.8
2/12/2021,125.54
3/12/2021,124.71
6/12/2021,124.71
7/12/2021,125.45
8/12/2021,124.79
9/12/2021,127.19
10/12/2021,126.94
13/12/2021,128.84
14/12/2021,129.67
15/12/2021,133.18
16/12/2021,132.35
17/12/2021,130.29
20/12/2021,134.01
21/12/2021,137.81
22/12/2021,140.63
23/12/2021,141.45
24/12/2021,141.45
27/12/2021,139.8
28/12/2021,141.87
29/12/2021,142.28
30/12/2021,141.87
31/12/2021,141.45
4/1/2022,140.63
5/1/2022,133.18
6/1/2022,127.23
7/1/2022,127.39
10/1/2022,126.56
11/1/2022,119.86
12/1/2022,119.86
13/01/2022,119.78
14/01/2022,119.78
17/01/2022,117.46
18/01/2022,117.55
19/01/2022,125.16
20/01/2022,124.74
21/01/2022,124.91
24/01/2022,118.29
25/01/2022,126.56
26/01/2022,121.6
27/01/2022,117.46
28/01/2022,118.29
7/2/2022,122.35
8/2/2022,120.36
9/2/2022,121.27
10/2/2022,123.75
11/2/2022,123.92
14/02/2022,125.41
15/02/2022,132.77
16/02/2022,130.78
17/02/2022,134.84
18/02/2022,135.08
21/02/2022,132.6
22/02/2022,130.29
23/02/2022,130.04
24/02/2022,131.94
25/02/2022,130.7
28/02/2022,129.05
1/3/2022,129.46
2/3/2022,129.87
3/3/2022,131.61
4/3/2022,133.43
7/3/2022,130.87
8/3/2022,131.36
9/3/2022,128.63
10/3/2022,124.08
11/3/2022,117.88
14/03/2022,112.58
15/03/2022,116.72
16/03/2022,116.22
17/03/2022,114.16
18/03/2022,113.08
21/03/2022,119.95
22/03/2022,122.84
23/03/2022,121.6
24/03/2022,121.27
25/03/2022,121.1
28/03/2022,120.44
29/03/2022,119.12
30/03/2022,119.12
31/03/2022,117.63
1/4/2022,121.19
4/4/2022,124.08
5/4/2022,125.41
6/4/2022,127.23
7/4/2022,124.91
8/4/2022,122.84
12/4/2022,124.48
13/04/2022,125.97
14/04/2022,124.78
15/04/2022,124.09
18/04/2022,123.09
19/04/2022,119.62
20/04/2022,123.39
21/04/2022,122.1
22/04/2022,122.4
25/04/2022,115.15
26/04/2022,115.15
27/04/2022,118.13
28/04/2022,115.65
29/04/2022,115.15
4/5/2022,112.27
5/5/2022,118.13
6/5/2022,116.15
9/5/2022,114.06
10/5/2022,115.25
11/5/2022,111.08
12/5/2022,103.34
13/05/2022,96.19
16/05/2022,89.54
17/05/2022,95.8
18/05/2022,102.45
19/05/2022,109.59
20/05/2022,107.01
23/05/2022,103.74
24/05/2022,108.2
25/05/2022,109.69
26/05/2022,107.81
27/05/2022,109.2
30/05/2022,109.2
31/05/2022,111.58
1/6/2022,114.16
2/6/2022,113.47
3/6/2022,111.98
6/6/2022,116.15
7/6/2022,117.04
8/6/2022,118.43
9/6/2022,117.64
10/6/2022,116.15
13/06/2022,108.2
14/06/2022,105.52
15/06/2022,105.23
16/06/2022,109.89
17/06/2022,116.15
20/06/2022,110.19
21/06/2022,110.19
22/06/2022,105.23
23/06/2022,109.2
24/06/2022,108.7
27/06/2022,112.18
28/06/2022,113.17
29/06/2022,113.17
30/06/2022,111.18
1/7/2022,108.7
4/7/2022,107.7
5/7/2022,102
6/7/2022,100
7/7/2022,103
8/7/2022,104.9
11/7/2022,102.5
12/7/2022,102
13/07/2022,101
14/07/2022,102.5
15/07/2022,101.2
18/07/2022,102.6
19/07/2022,102
20/07/2022,103
21/07/2022,105.5
22/07/2022,108.5
25/07/2022,108.6
26/07/2022,110
27/07/2022,109.9
28/07/2022,109.9
29/07/2022,106.1
1/8/2022,109.4
2/8/2022,110
3/8/2022,110
4/8/2022,107.9
5/8/2022,104.5
8/8/2022,104.8
9/8/2022,105.2
10/8/2022,105.8
11/8/2022,106.8
12/8/2022,107.2
15/08/2022,108.5
16/08/2022,109
17/08/2022,111.3
18/08/2022,112
19/08/2022,112
22/08/2022,111.8
23/08/2022,112.6
24/08/2022,111.9
25/08/2022,112.8
26/08/2022,112.2
29/08/2022,112.2
30/08/2022,113.7
31/08/2022,114.5
5/9/2022,115.5
6/9/2022,115
7/9/2022,112
8/9/2022,115
9/9/2022,116.1
12/9/2022,115
13/09/2022,114
14/09/2022,112
15/09/2022,112
16/09/2022,112.8
19/09/2022,112.5
20/09/2022,113.3
21/09/2022,112
22/09/2022,110
23/09/2022,108.6
26/09/2022,107.7
27/09/2022,107.7
28/09/2022,102.1
29/09/2022,100
30/09/2022,99
3/10/2022,94
4/10/2022,90.5
5/10/2022,91.4
6/10/2022,86.7
7/10/2022,81.5
10/10/2022,80.5
11/10/2022,79.8
12/10/2022,81.1
13/10/2022,78.7
14/10/2022,79
17/10/2022,79
18/10/2022,82
19/10/2022,80
20/10/2022,80.2
21/10/2022,74.8
24/10/2022,72.8
25/10/2022,75
26/10/2022,78
27/10/2022,83
28/10/2022,83.9
31/10/2022,85.5
1/11/2022,86.5
2/11/2022,81
3/11/2022,85.4
4/11/2022,84.3
7/11/2022,84.5
8/11/2022,86
9/11/2022,87
10/11/2022,81
11/11/2022,86.5
14/11/2022,89.1
15/11/2022,89.4
16/11/2022,90.9
17/11/2022,97
18/11/2022,95.2
21/11/2022,95.1
22/11/2022,91.8
23/11/2022,92.9
24/11/2022,89
25/11/2022,94
28/11/2022,97.2
29/11/2022,99
30/11/2022,102
1/12/2022,99
2/12/2022,103.9
5/12/2022,105
6/12/2022,102
7/12/2022,100
8/12/2022,96
9/12/2022,97
12/12/2022,97
13/12/2022,97
14/12/2022,96
15/12/2022,98.2
16/12/2022,93.5
19/12/2022,95
20/12/2022,94
21/12/2022,94.9
22/12/2022,94.4
23/12/2022,95
26/12/2022,91.5
27/12/2022,91.6
28/12/2022,93
29/12/2022,94
30/12/2022,93
3/1/2023,96
4/1/2023,99.3
5/1/2023,99.5
6/1/2023,95.8
9/1/2023,96.5
10/1/2023,95.4
11/1/2023,96
12/1/2023,93.3
13/01/2023,95
16/01/2023,94.9
17/01/2023,97.5
18/01/2023,99.9
19/01/2023,102
27/01/2023,103.7
30/01/2023,102
31/01/2023,101.1
1/2/2023,95.2
2/2/2023,96.7
3/2/2023,96.5
6/2/2023,96.3
7/2/2023,94.1
8/2/2023,93.5
9/2/2023,91.8
10/2/2023,91.2
13/02/2023,92.9
14/02/2023,92.9
15/02/2023,93
16/02/2023,92.9
17/02/2023,91.3
20/02/2023,94.5
21/02/2023,93.8
22/02/2023,91
23/02/2023,87.6
24/02/2023,85.9
27/02/2023,79.9
28/02/2023,82
1/3/2023,80.5
2/3/2023,79
3/3/2023,76
6/3/2023,74.4
7/3/2023,78.3
8/3/2023,80.4
9/3/2023,80.8
10/3/2023,83.9
13/03/2023,84.5
14/03/2023,83.6
15/03/2023,84.7
16/03/2023,83.8
17/03/2023,83.5
20/03/2023,81.5
21/03/2023,80.1
22/03/2023,80.5
23/03/2023,79
24/03/2023,78
27/03/2023,76.7
28/03/2023,77.6
29/03/2023,78.8
30/03/2023,79.2
31/03/2023,77.8
3/4/2023,76.8
4/4/2023,78.4
5/4/2023,78.4
6/4/2023,77
7/4/2023,77.6
10/4/2023,77.2
11/4/2023,77.9
12/4/2023,79.5
13/04/2023,79.2
14/04/2023,78.1
17/04/2023,78.1
18/04/2023,78.2
19/04/2023,78.7
20/04/2023,78
21/04/2023,76.4
24/04/2023,73.3
25/04/2023,71.3
26/04/2023,71.4
27/04/2023,72.3
28/04/2023,73.1
4/5/2023,70.6
5/5/2023,73
8/5/2023,74.1
9/5/2023,73.6
10/5/2023,73.6
11/5/2023,73.8
12/5/2023,74.4
15/05/2023,74.1
16/05/2023,73.3
17/05/2023,73.1
18/05/2023,73.2
19/05/2023,72.4
22/05/2023,72
23/05/2023,70.4
24/05/2023,71.8
25/05/2023,72
26/05/2023,72
29/05/2023,71.6
30/05/2023,72.8
31/05/2023,72
1/6/2023,71.8
2/6/2023,72.3
5/6/2023,74.1
6/6/2023,73.6
7/6/2023,75.5
8/6/2023,74.4
9/6/2023,76.5
12/6/2023,78.4
13/06/2023,78.8
14/06/2023,78
15/06/2023,77.1
16/06/2023,76.6
19/06/2023,74.5
20/06/2023,75.2
21/06/2023,
22/06/2023,76.3
23/06/2023,77.3
26/06/2023,77.7
27/06/2023,77.7
28/06/2023,77.2
